{"Open the 'All schools we worked with' sheet on 'teacher contact details' and fill out the missing ones from email": {"firstseen": 1708450801.1874175, "lastseen": 1715062201.4001224}, "Chainmail for contacting all former teachers": {"firstseen": 1708954201.039868, "lastseen": 1715062201.4001567}, "Open Kindle to read the last WWW book": {"firstseen": 1711022401.1757865, "lastseen": 1715062201.4001603}, "Read chapter of Lizzies book on Kindle": {"firstseen": 1711023001.3527613, "lastseen": 1715059959.5295742}, "Generate more OVF emails": {"firstseen": 1712654401.6584394, "lastseen": 1715059959.5295632}, "Setup recording desktop on laptop": {"firstseen": 1712654401.658443, "lastseen": 1715062201.4001493}, "Fix the 'click for debugging information' always being present": {"firstseen": 1712822401.662339, "lastseen": 1715059959.5295718}, "Take a short course in PowerPoint": {"firstseen": 1712822401.6623662, "lastseen": 1715062201.4001677}, "Compare the external drive to bigdisk (and then the other external drive), then reformat it and put it in the safe": {"firstseen": 1712828401.9421334, "lastseen": 1715062201.4001422}, "Do full accounts algorithm +EQT": {"firstseen": 1713343801.364155, "lastseen": 1715062201.4001458}, "Open list of projects to be funded +EQT": {"firstseen": 1713343801.3642015, "lastseen": 1715059959.5295918}, "Read the last www book  +EQT": {"firstseen": 1713343801.3642087, "lastseen": 1715059959.5295959}, "Review starred items in feeds +Overhead +EQT": {"firstseen": 1713343801.364212, "lastseen": 1715062201.4001782}, "Find new work chair  (or JUST  buy another one": {"firstseen": 1713798601.9639342, "lastseen": 1715062201.400126}, "Find someone at RHUL for either Supertitle or Digital Local Heros": {"firstseen": 1713938401.2080688, "lastseen": 1715062201.4001715}, "Run mgit status on the git directory and process all alerts +EQT": {"firstseen": 1714122601.7139552, "lastseen": 1715062201.4001331}, "Send out trustee email about next week's meeting.": {"firstseen": 1714593601.3596666, "lastseen": 1715032201.4439352}, "Respond to kirsties thing": {"firstseen": 1714593601.3597274, "lastseen": 1715062201.4001164}, "Run the OBZ archive command and save to an external drive.  +EQT (details at 12/12/22)": {"firstseen": 1715027360.6020179, "lastseen": 1715062201.4001374}, "Check that everything in the 'in process' box really does have a task+Overhead   +EQT": {"firstseen": 1715027360.6020436, "lastseen": 1715062201.4001644}, "Check the next school time +EQT": {"firstseen": 1715027360.602046, "lastseen": 1715059959.529585}, "Learn something new about vim in http://learnvimscriptthehardway.stevelosh.com/chapters/17.html +EQT": {"firstseen": 1715027360.6020513, "lastseen": 1715059959.5295897}, "Post to WWW facebook page +EQT  @phone": {"firstseen": 1715027360.602056, "lastseen": 1715062201.4001749}, "Search for funding for eQuality Time Projects +EQT": {"firstseen": 1715027360.6020627, "lastseen": 1715059959.5296001}, "x 2024-05-07 Send out trustee email about next week's meeting.": {"firstseen": 1715059732.435752, "lastseen": 1715059818.9152834}, "Tidy up the Flowers For Turing Website": {"firstseen": 1715059732.435763, "lastseen": 1715059959.529553}, "Open up the Flowers For Turing Website": {"firstseen": 1715061601.9679859, "lastseen": 1715062201.4001296}, "OVF - Fix the 'click for debugging information' always being present": {"firstseen": 1715061601.968009, "lastseen": 1715062201.4001532}}