{"minutes tidying Google Drive": {"firstseen": 1704891601.8987138, "lastseen": 1710238201.9627757}, "Read the last www book on kindle  +EQT": {"firstseen": 1707832201.4983587, "lastseen": 1710238201.9627857}, "Send the new EQT newsletter to people": {"firstseen": 1708438801.4680142, "lastseen": 1710238201.9627287}, "Read chapter of next book on the list": {"firstseen": 1708438801.468064, "lastseen": 1710238201.962779}, "Send the next set of OVF emails": {"firstseen": 1708439401.8705738, "lastseen": 1710238201.962747}, "Open the 'All schools we worked with' sheet on 'teacher contact details' and fill out the missing ones from email": {"firstseen": 1708450801.1874175, "lastseen": 1710238201.9627514}, "Recommit with public working": {"firstseen": 1708450801.1874242, "lastseen": 1710238201.9627407}, "(C FB) Ring Charity commission about account (0300 066 9197 during our opening hours of 9am to 5pm Monday to Friday. )10 Fix Trustee address  +EQT": {"firstseen": 1708451401.6034043, "lastseen": 1710238201.9627337}, "Process all expenses in littlefinger": {"firstseen": 1708451401.603419, "lastseen": 1710238201.9627624}, "Chainmail for contacting all former teachers": {"firstseen": 1708954201.039868, "lastseen": 1710238201.9627824}, "Properly review/write the do 'people I can thank' delores because it isn't working out": {"firstseen": 1708954801.4658744, "lastseen": 1710238201.9627728}, "Map out the new Garfield Weston project": {"firstseen": 1709020201.227944, "lastseen": 1710238201.9627373}, "Get the other hard drive and move the dropbox.zip onto it.": {"firstseen": 1709048401.709406, "lastseen": 1710230401.3604836}, "Start Flowers for Turing! We don't normally start before may but the students?": {"firstseen": 1709050801.1709335, "lastseen": 1710229801.0800397}, "Set up desktop so you can ssh in remotely": {"firstseen": 1709103601.3784657, "lastseen": 1710229801.080036}, "Run multi-git-status on both aws servers to make sure all code is uploaded.  +EQT": {"firstseen": 1709209801.5231133, "lastseen": 1710230401.3604503}, "Do full accounts algorithm +EQT": {"firstseen": 1709209801.5231304, "lastseen": 1710238201.9627652}, "Check that everything in the 'in process' box really does have a task+Overhead   +EQT": {"firstseen": 1709209801.5231485, "lastseen": 1710230401.3604798}, "Check the next school time +EQT": {"firstseen": 1709209801.5231519, "lastseen": 1710229801.0800695}, "Download the amazon months sales figures +EQT": {"firstseen": 1709209801.5231555, "lastseen": 1710229801.0800726}, "Grant terms generally mean that every director has to have seen all of the paperwork: make sure they have +EQT": {"firstseen": 1709209801.5231638, "lastseen": 1710229801.0800834}, "Learn something new about vim in http://learnvimscriptthehardway.stevelosh.com/chapters/17.html +EQT": {"firstseen": 1709209801.523168, "lastseen": 1710229801.0800872}, "Open list of projects to be funded +EQT": {"firstseen": 1709209801.5231714, "lastseen": 1710230401.3604906}, "Post to WWW facebook page +EQT  @phone": {"firstseen": 1709209801.523175, "lastseen": 1710238201.9627686}, "Read the last www book  +EQT": {"firstseen": 1709209801.5231812, "lastseen": 1710237001.3059149}, "Review starred items in feeds +Overhead +EQT": {"firstseen": 1709209801.523185, "lastseen": 1710237001.305898}, "Ring up every funder currently funding you and be nice to them and check you have all of your paperwork and everything else. Make sure that you are a pleasure to work with. That way they fund you again +EQT": {"firstseen": 1709209801.5231903, "lastseen": 1710230401.3605149}, "Search for funding for eQuality Time Projects +EQT": {"firstseen": 1709209801.5231938, "lastseen": 1710237001.3059015}, "Post signed accounts": {"firstseen": 1709719801.5293863, "lastseen": 1710170401.4534104}, "Gratitude post": {"firstseen": 1709719801.5293899, "lastseen": 1710170401.453403}, "Update Cash Flow": {"firstseen": 1709719801.5293932, "lastseen": 1710238201.9627438}, "Create the port forwarding so that you can serve pages from your desktop": {"firstseen": 1709893201.6622887, "lastseen": 1710238201.9627554}, "Rewrite the www form to include a mention of 'we'll email you a couple of times a year'": {"firstseen": 1710140401.4887915, "lastseen": 1710230401.3605084}, "Make the WWW site form collect for a mailing list": {"firstseen": 1710155401.7728548, "lastseen": 1710236401.892275}, "Get yourself another monitor from the garage": {"firstseen": 1710156001.1946464, "lastseen": 1710238201.9627893}, "x 2024-03-11 Gratitude post": {"firstseen": 1710171001.860727, "lastseen": 1710229801.0801182}, "x 2024-03-11 Post signed accounts": {"firstseen": 1710171001.8607304, "lastseen": 1710229801.080121}, "Run mgit status on the git directory and process all alerts": {"firstseen": 1710173401.5177124, "lastseen": 1710238201.962759}, "Remap the dropbox project and work out next action .": {"firstseen": 1710231001.7052865, "lastseen": 1710236401.8923073}}