{"Chainmail for contacting all former teachers": {"firstseen": 1708954201.039868, "lastseen": 1715437801.2282772}, "Open Kindle to read the last WWW book": {"firstseen": 1711022401.1757865, "lastseen": 1715437801.2282832}, "Run the OBZ archive command and save to an external drive.  +EQT (details at 12/12/22)": {"firstseen": 1715027360.6020179, "lastseen": 1715437801.228256}, "OVF - Fix the 'click for debugging information' always being present": {"firstseen": 1715061601.968009, "lastseen": 1715437801.228274}, "Empty inbox": {"firstseen": 1715064001.6097856, "lastseen": 1715437801.2282515}, "Set up donations page on the Flowers For Turing Website": {"firstseen": 1715064001.6098, "lastseen": 1715437801.2282593}, "Setup the email for all teachers we've ever worked with": {"firstseen": 1715064001.6098034, "lastseen": 1715437801.2282627}, "Badger mum about statement of support": {"firstseen": 1715148549.9415174, "lastseen": 1715437801.2282898}, "Search for  someone at RHUL for either Supertitle or Digital Local Heros": {"firstseen": 1715253601.1810284, "lastseen": 1715437801.2282867}, "Clone Vision and see what the errors are": {"firstseen": 1715253601.181035, "lastseen": 1715437801.2282927}, "Plug both external drives into Tower and see if they match": {"firstseen": 1715286001.5387297, "lastseen": 1715437801.2282665}, "Export all natwest figures since the 16th Febuary 2024": {"firstseen": 1715286001.5387342, "lastseen": 1715437801.2282703}}