{
    "tasks": {
        "Write out full review of the memory palace.  +paper @offline": {
            "firstseen": 1718221502.025928,
            "lastseen": 1719827401.439957
        },
        "watch home videos on bigdisk @tower @offline": {
            "firstseen": 1718342735.8828094,
            "lastseen": 1719827401.4399455
        },
        "Empty Joe inbox completely +Overhead @offline": {
            "firstseen": 1718342735.8828201,
            "lastseen": 1719827401.4399207
        },
        "Start cupboard sorting project  @offline": {
            "firstseen": 1718342735.8828228,
            "lastseen": 1719827401.4399345
        },
        "Review all my A2 notes  @offline": {
            "firstseen": 1718342735.882832,
            "lastseen": 1719827401.439917
        },
        "Pick another new night for games night with Kat and then immediately message people @offline": {
            "firstseen": 1718342735.882835,
            "lastseen": 1719827401.4399135
        },
        "Create new physics grid @offline": {
            "firstseen": 1718342735.8828418,
            "lastseen": 1719827401.4399273
        },
        "Fix the shelves in the garage  @offline (MAYBE  measure )": {
            "firstseen": 1718342735.8828564,
            "lastseen": 1719827401.439953
        },
        "Use ChatGPT to improve the photo import script - include sidecar files and prompt for overwriting them @online": {
            "firstseen": 1718342735.8828783,
            "lastseen": 1719827401.439902
        },
        "Setup remote control for air conditioning": {
            "firstseen": 1718344801.7145505,
            "lastseen": 1719784201.910806
        },
        "- Lookup the Kat Memory palace again @online": {
            "firstseen": 1718345437.4747674,
            "lastseen": 1719827401.4398863
        },
        "Sort out a proper retro games box in garage": {
            "firstseen": 1719237750.9699764,
            "lastseen": 1719784201.910813
        },
        "Buy the bedroom ikea furniture": {
            "firstseen": 1719237750.969986,
            "lastseen": 1719784201.9107847
        },
        "Take new photo of the mirror setup  @offline": {
            "firstseen": 1719237750.9700096,
            "lastseen": 1719827401.439942
        },
        "Drill holes for supports in inspection pit": {
            "firstseen": 1719237750.970019,
            "lastseen": 1719784201.9108317
        },
        "Book dental hydenist": {
            "firstseen": 1719237750.9700263,
            "lastseen": 1719827401.4398935
        },
        "Make a date for a family climbing": {
            "firstseen": 1719237750.9700305,
            "lastseen": 1719827401.4398901
        },
        "Setup shares account": {
            "firstseen": 1719237750.9700372,
            "lastseen": 1719784201.9108388
        },
        "Find a long term solution for phone photo storage": {
            "firstseen": 1719297901.3469791,
            "lastseen": 1719784201.9108496
        },
        "Replace car light": {
            "firstseen": 1719381601.0630124,
            "lastseen": 1719784201.910771
        },
        "Cut wood for discovered cupboard": {
            "firstseen": 1719595801.6163156,
            "lastseen": 1719784201.9108462
        },
        "Ask mum about sending down a Road Rash": {
            "firstseen": 1719596401.5549233,
            "lastseen": 1719784201.9108164
        },
        "Find out how to Replace car light @online": {
            "firstseen": 1719812643.1503365,
            "lastseen": 1719827401.4398768
        },
        "Buy the bedroom ikea furniture @online": {
            "firstseen": 1719812643.1503627,
            "lastseen": 1719827401.4398825
        },
        "x 2024-07-01 Ask mum about sending down a Road Rash": {
            "firstseen": 1719812643.1503773,
            "lastseen": 1719827401.439897
        },
        "Setup shares account  @online": {
            "firstseen": 1719812643.1503887,
            "lastseen": 1719827401.4399056
        },
        "Think about  a long term solution for phone photo storage": {
            "firstseen": 1719812643.1503918,
            "lastseen": 1719827401.4399092
        },
        "Setup remote control for air conditioning @offline": {
            "firstseen": 1719812643.1504118,
            "lastseen": 1719827401.4399312
        },
        "Sort out a proper retro games box in garage  @offline": {
            "firstseen": 1719812643.1504185,
            "lastseen": 1719827401.4399383
        },
        "Drill holes for supports in inspection pit  @offline": {
            "firstseen": 1719812643.15043,
            "lastseen": 1719827401.4399493
        },
        "Cut wood for discovered cupboard @offline": {
            "firstseen": 1719812643.1504414,
            "lastseen": 1719827401.4399602
        },
        "Lookup how to properly clean a bbq grill": {
            "firstseen": 1719813601.286937,
            "lastseen": 1719827401.439924
        }
    },
    "projects": "",
    "lastupdate": false
}