{
    "tasks": {
        "Pick another new night for games night with Kat and then immediately email people": {
            "firstseen": 1717569001.9030309,
            "lastseen": 1718128801.770534
        },
        "Clean out Fridge @offline": {
            "firstseen": 1717792201.556141,
            "lastseen": 1718128801.7705467
        },
        "- super quick review of the KAt memory palace  @offline": {
            "firstseen": 1717792201.5561554,
            "lastseen": 1718128801.7705667
        },
        "Brainstorm public projects and the best approach to that.  @offline": {
            "firstseen": 1717792201.5561597,
            "lastseen": 1718128801.770579
        },
        "Get Kat approval for Leo birthday message  @offline": {
            "firstseen": 1717792201.5561635,
            "lastseen": 1718128801.7705839
        },
        "Practice the CONSTA grid @offline": {
            "firstseen": 1717792201.55617,
            "lastseen": 1718128801.7705915
        },
        "Keep sawing the arch  @offline": {
            "firstseen": 1717792201.556177,
            "lastseen": 1718128801.7705874
        },
        "watch home videos on bigdisk @tower": {
            "firstseen": 1717792201.5561967,
            "lastseen": 1718128801.7706091
        },
        "Update the script for importing images so that it includes the sidecar files (and confirms if they are going to be overwritten, which should never happen but)   @tower": {
            "firstseen": 1717792201.5562015,
            "lastseen": 1718128801.7706053
        },
        "complete full review of the memory palace.  +paper @offline": {
            "firstseen": 1717792201.5562084,
            "lastseen": 1718128801.770613
        },
        "Send the cartwheel videos over again": {
            "firstseen": 1717793101.0743625,
            "lastseen": 1718128801.7705705
        },
        "Measure last two bits of pit cover": {
            "firstseen": 1717830001.5863104,
            "lastseen": 1718128801.7705545
        },
        "measure shelves you want for bedroom": {
            "firstseen": 1717830001.5863144,
            "lastseen": 1718128801.7705588
        },
        "Take kitchen door off hinges  @offline": {
            "firstseen": 1717830001.5863216,
            "lastseen": 1718128801.7705994
        },
        "Buy Mark a book present": {
            "firstseen": 1718016001.2979782,
            "lastseen": 1718128801.770624
        },
        "Add words to the Lair blog post": {
            "firstseen": 1718016295.3536062,
            "lastseen": 1718128801.7705953
        },
        "Check you have ingredients for three levels of keto - salad - scrabmled tofu": {
            "firstseen": 1718025860.6509857,
            "lastseen": 1718128801.770539
        },
        "Review and re-score  Wheel Of life": {
            "firstseen": 1718025860.6509912,
            "lastseen": 1718128801.770543
        },
        "Check starred messages in kat whatsapp": {
            "firstseen": 1718025860.6509993,
            "lastseen": 1718128801.7705505
        },
        "Confirm plans for next two weekends.+Overhead @phone": {
            "firstseen": 1718025860.651048,
            "lastseen": 1718128801.7706275
        },
        "Contact \u00a7e:U2FsdGVkX18YzL62ZWaIGXGiMMQ+Iuvx81cvznpIv1k=\u00a7 for advice about something": {
            "firstseen": 1718025860.6510508,
            "lastseen": 1718084790.129907
        },
        "Cut Nova and Leo nails +Health": {
            "firstseen": 1718025860.6510537,
            "lastseen": 1718128801.7706308
        },
        "Do Menu for the week +Family  @phone": {
            "firstseen": 1718025860.651056,
            "lastseen": 1718128801.7706344
        },
        "Do something genuinely nice for \u00a7e:U2FsdGVkX1/jHkQjxS8m0DEs/epwc3SIRl2yYxHMBzc=\u00a7 +Family": {
            "firstseen": 1718025860.651059,
            "lastseen": 1718128801.7706397
        },
        "Empty Joe inbox completely +Overhead": {
            "firstseen": 1718025860.6510613,
            "lastseen": 1718128801.7706435
        },
        "Go thought calendar and find at least one 'thank you's  you *can* make  +Overhead": {
            "firstseen": 1718025860.6510663,
            "lastseen": 1718084790.1299195
        },
        "Post to Vegan Facebook group  @phone": {
            "firstseen": 1718025860.6510794,
            "lastseen": 1718128801.7706473
        },
        "Save a nice family memory +Family @phone": {
            "firstseen": 1718025860.6510835,
            "lastseen": 1718084790.1299264
        },
        "Trim nose hair +Health": {
            "firstseen": 1718025860.6510859,
            "lastseen": 1718128801.7706509
        },
        "Update Goodreads with the current book and your progress +Overhead  @phone": {
            "firstseen": 1718025860.6510901,
            "lastseen": 1718128801.7706547
        },
        "charge camera @offline": {
            "firstseen": 1718030241.7749631,
            "lastseen": 1718128801.7705624
        },
        "Add code from laptop to bike post on blog": {
            "firstseen": 1718030241.7749658,
            "lastseen": 1718128801.7706165
        },
        "Add the chart and the update to the news checking blog post": {
            "firstseen": 1718031001.8115356,
            "lastseen": 1718128801.7706203
        },
        "Get fathers day card @offline": {
            "firstseen": 1718031601.380305,
            "lastseen": 1718128801.7705264
        }
    },
    "projects": "",
    "lastupdate": false
}