{
    "tasks": {
        "Build Lego ISS": {
            "firstseen": 1739275801.6547904,
            "lastseen": 1741691401.8364646
        },
        "Run mgit status on the git directory and process all alerts": {
            "firstseen": 1739282401.4745667,
            "lastseen": 1741691713.3347569
        },
        "Do full accounts algorithm": {
            "firstseen": 1739282401.4746275,
            "lastseen": 1741691713.3347151
        },
        "Write a report for EQT - include accounts and notes on redundancy": {
            "firstseen": 1739284801.0787396,
            "lastseen": 1741691713.3346794
        },
        "Try posting the darktable request somewhere else": {
            "firstseen": 1739285401.3717554,
            "lastseen": 1741691713.3347378
        },
        "(C sibs 14/3/25  ) Write script for Sibs Talk": {
            "firstseen": 1740231601.2046354,
            "lastseen": 1741691713.3346956
        },
        "one chapter of 'on food and cooking'": {
            "firstseen": 1740390001.2477512,
            "lastseen": 1741691713.334712
        },
        "Order comic for the children involved.": {
            "firstseen": 1740397802.003651,
            "lastseen": 1741691713.3346848
        },
        "Send Passport to HM Passport Office": {
            "firstseen": 1740480601.1710577,
            "lastseen": 1741691713.3346884
        },
        "Work out the expenses for london trip": {
            "firstseen": 1740501601.3245482,
            "lastseen": 1741691713.3347244
        },
        "Take apart the chair to wash covers": {
            "firstseen": 1740657001.4218318,
            "lastseen": 1741691713.334709
        },
        "Work out weekly wages for  redundancy payment": {
            "firstseen": 1740758401.6928737,
            "lastseen": 1741691713.3346922
        },
        "Draft message  Karen about Cyber Day": {
            "firstseen": 1740758401.6929653,
            "lastseen": 1741691713.3347442
        },
        "Move WWW website: Download a copy; create a branch and push to github": {
            "firstseen": 1740761401.717734,
            "lastseen": 1741691713.3346999
        },
        "Write a pitch letter about a turnitin book": {
            "firstseen": 1740763201.435803,
            "lastseen": 1741691713.3347628
        },
        "Make the corrections for the GA nomination of BA2018, and add additional content from folder.": {
            "firstseen": 1741001314.628781,
            "lastseen": 1741691713.3347344
        },
        "Print the unity submission form and email people about it.": {
            "firstseen": 1741002001.986894,
            "lastseen": 1741691713.3347034
        },
        "Move bearclaw projects into Diary": {
            "firstseen": 1741007385.9368758,
            "lastseen": 1741691713.3347502
        },
        "replace back gate lock": {
            "firstseen": 1741008914.5455844,
            "lastseen": 1741691713.334721
        },
        "Fix the 'process inbox.md' problem in delores": {
            "firstseen": 1741009278.2054634,
            "lastseen": 1741691713.3347473
        },
        "resurrect the 618 server with an audino": {
            "firstseen": 1741009278.2054954,
            "lastseen": 1741691713.334766
        },
        "Put Podcast on and remove any reused passwords.": {
            "firstseen": 1741071570.424329,
            "lastseen": 1741691713.3347533
        },
        "Sort the lego in process drawer (podcast)": {
            "firstseen": 1741079166.5396326,
            "lastseen": 1741691713.33476
        },
        "Rewrite emote.md": {
            "firstseen": 1741082186.3499017,
            "lastseen": 1741691713.3347294
        },
        "Read the three chapters of teaching material": {
            "firstseen": 1741100801.9970386,
            "lastseen": 1741691713.3347185
        },
        "Move backup_ovf to bigdisk.": {
            "firstseen": 1741175446.2768788,
            "lastseen": 1741691713.334727
        },
        "Write up Arduino Adventure so far": {
            "firstseen": 1741185001.1518111,
            "lastseen": 1741689601.92231
        },
        "Rewrite speach for sibs": {
            "firstseen": 1741504201.8031375,
            "lastseen": 1741691713.334706
        },
        "x 2025-03-09 Post to Vegan Facebook group": {
            "firstseen": 1741504201.8031938,
            "lastseen": 1741689001.6906781
        },
        "Go around house and do universal capture": {
            "firstseen": 1741690201.397038,
            "lastseen": 1741691713.334769
        },
        "Setup Friday date day": {
            "firstseen": 1741690801.5263226,
            "lastseen": 1741691713.3347714
        },
        "Review Nova's Smiths toy's trip list with her": {
            "firstseen": 1741690801.5263274,
            "lastseen": 1741691713.3347745
        },
        "Do the rest of the Lego ISS": {
            "firstseen": 1741691713.3347406,
            "lastseen": 1741691713.3347414
        }
    },
    "projects": "",
    "lastupdate": false
}