{
    "tasks": {
        "Pick another new night for games night with Kat and then immediately email people": {
            "firstseen": 1717569001.9030309,
            "lastseen": 1718229001.2082987
        },
        "Clean out Fridge @offline": {
            "firstseen": 1717792201.556141,
            "lastseen": 1718220300.244185
        },
        "- super quick review of the KAt memory palace  @offline": {
            "firstseen": 1717792201.5561554,
            "lastseen": 1718229001.2083216
        },
        "Brainstorm public projects and the best approach to that.  @offline": {
            "firstseen": 1717792201.5561597,
            "lastseen": 1718229001.2083478
        },
        "Get Kat approval for Leo birthday message  @offline": {
            "firstseen": 1717792201.5561635,
            "lastseen": 1718229001.2083552
        },
        "Practice the CONSTA grid @offline": {
            "firstseen": 1717792201.55617,
            "lastseen": 1718229001.2083693
        },
        "Keep sawing the arch  @offline": {
            "firstseen": 1717792201.556177,
            "lastseen": 1718229001.2083623
        },
        "watch home videos on bigdisk @tower": {
            "firstseen": 1717792201.5561967,
            "lastseen": 1718229001.2083983
        },
        "Update the script for importing images so that it includes the sidecar files (and confirms if they are going to be overwritten, which should never happen but)   @tower": {
            "firstseen": 1717792201.5562015,
            "lastseen": 1718221201.6508212
        },
        "complete full review of the memory palace.  +paper @offline": {
            "firstseen": 1717792201.5562084,
            "lastseen": 1718221201.6508284
        },
        "Send the cartwheel videos over again": {
            "firstseen": 1717793101.0743625,
            "lastseen": 1718175001.9316106
        },
        "Measure last two bits of pit cover": {
            "firstseen": 1717830001.5863104,
            "lastseen": 1718172901.1676552
        },
        "measure shelves you want for bedroom": {
            "firstseen": 1717830001.5863144,
            "lastseen": 1718175001.931581
        },
        "Take kitchen door off hinges  @offline": {
            "firstseen": 1717830001.5863216,
            "lastseen": 1718221201.6508152
        },
        "Buy Mark a book present": {
            "firstseen": 1718016001.2979782,
            "lastseen": 1718220300.244192
        },
        "Add words to the Lair blog post": {
            "firstseen": 1718016295.3536062,
            "lastseen": 1718229001.2083805
        },
        "Check you have ingredients for three levels of keto - salad - scrabmled tofu": {
            "firstseen": 1718025860.6509857,
            "lastseen": 1718142601.6206322
        },
        "Review and re-score  Wheel Of life": {
            "firstseen": 1718025860.6509912,
            "lastseen": 1718220300.2441795
        },
        "Check starred messages in kat whatsapp": {
            "firstseen": 1718025860.6509993,
            "lastseen": 1718142601.620643
        },
        "Confirm plans for next two weekends.+Overhead @phone": {
            "firstseen": 1718025860.651048,
            "lastseen": 1718142601.6207113
        },
        "Cut Nova and Leo nails +Health": {
            "firstseen": 1718025860.6510537,
            "lastseen": 1718229001.2083325
        },
        "Do Menu for the week +Family  @phone": {
            "firstseen": 1718025860.651056,
            "lastseen": 1718142601.6207182
        },
        "Do something genuinely nice for \u00a7e:U2FsdGVkX1/jHkQjxS8m0DEs/epwc3SIRl2yYxHMBzc=\u00a7 +Family": {
            "firstseen": 1718025860.651059,
            "lastseen": 1718142601.620723
        },
        "Empty Joe inbox completely +Overhead": {
            "firstseen": 1718025860.6510613,
            "lastseen": 1718229001.2083292
        },
        "Post to Vegan Facebook group  @phone": {
            "firstseen": 1718025860.6510794,
            "lastseen": 1718229001.208366
        },
        "Save a nice family memory +Family @phone": {
            "firstseen": 1718025860.6510835,
            "lastseen": 1718175001.9315739
        },
        "Trim nose hair +Health": {
            "firstseen": 1718025860.6510859,
            "lastseen": 1718175001.9315774
        },
        "Update Goodreads with the current book and your progress +Overhead  @phone": {
            "firstseen": 1718025860.6510901,
            "lastseen": 1718142601.6207368
        },
        "charge camera @offline": {
            "firstseen": 1718030241.7749631,
            "lastseen": 1718220300.2441874
        },
        "Add code from laptop to bike post on blog": {
            "firstseen": 1718030241.7749658,
            "lastseen": 1718142601.6207008
        },
        "Add the chart and the update to the news checking blog post": {
            "firstseen": 1718031001.8115356,
            "lastseen": 1718229001.2083843
        },
        "Get fathers day card @offline": {
            "firstseen": 1718031601.380305,
            "lastseen": 1718229001.208291
        },
        "Vitamin Tablet +Health": {
            "firstseen": 1718171558.492677,
            "lastseen": 1718172901.1676512
        },
        "Floss +Health": {
            "firstseen": 1718171558.4927008,
            "lastseen": 1718175001.931603
        },
        "Put viciouscycle on github  Add code from laptop to bike post on blog @online": {
            "firstseen": 1718171558.4927325,
            "lastseen": 1718229001.2083733
        },
        "Work out plans for next two weekends.+Overhead @phone": {
            "firstseen": 1718171558.4927351,
            "lastseen": 1718229001.2083771
        },
        "process emotional todo list. https://github.com/joereddington/Projects-Private/issues/188": {
            "firstseen": 1718171558.4927387,
            "lastseen": 1718220300.2441735
        },
        "Look at list of topics and ring \u00a7e:U2FsdGVkX19WbLrOTMYO0bkqz6MOP/OQe8b1WJ4GTb0=\u00a7 +Family @phone": {
            "firstseen": 1718171558.4927611,
            "lastseen": 1718220601.318689
        },
        "x 2024-06-12Vitamin Tablet +Health": {
            "firstseen": 1718173201.412035,
            "lastseen": 1718175001.9315605
        },
        "Get wood for pit 20cm by 76cm by 3 cm": {
            "firstseen": 1718173201.4120407,
            "lastseen": 1718220601.318659
        },
        "Buy bedroom shelves from B&Q 78.5cm by 49cm (2cm thick, they are 106 up from the bottom if you want to brace)": {
            "firstseen": 1718173801.771362,
            "lastseen": 1718229001.2083106
        },
        "Edit the carwheel videos together": {
            "firstseen": 1718175601.260937,
            "lastseen": 1718220601.3186517
        },
        "Brainstorm on things you'd like to save up for": {
            "firstseen": 1718209201.2960103,
            "lastseen": 1718229001.2084057
        },
        "Write gratitude post": {
            "firstseen": 1718210401.900676,
            "lastseen": 1718221201.650835
        },
        "* put it in the buggy": {
            "firstseen": 1718220601.3152766,
            "lastseen": 1718229001.2082942
        },
        "Review all my A2 notes": {
            "firstseen": 1718220601.3152852,
            "lastseen": 1718229001.208302
        },
        "Check how the annual leave is doing": {
            "firstseen": 1718220601.315289,
            "lastseen": 1718229001.2083058
        },
        "Buy new camera charger": {
            "firstseen": 1718220601.3153007,
            "lastseen": 1718229001.2083142
        },
        "Start cupboard sorting project": {
            "firstseen": 1718220601.3153043,
            "lastseen": 1718229001.2083175
        },
        "Open Amazon and find a book to buy Mark - the long war would be great": {
            "firstseen": 1718220601.3153126,