{
    "tasks": {
        "Add Project review file to igor @offline": {
            "firstseen": 1717792801.6859539,
            "lastseen": 1719825601.4048378
        },
        "Review actions from last meeting  @online": {
            "firstseen": 1718258401.9251323,
            "lastseen": 1719825601.4048173
        },
        "Rewrite the top ten on your task list as blog posts. @online": {
            "firstseen": 1718258401.925147,
            "lastseen": 1719826201.5628386
        },
        "Process the littlefinger transactions into expenses  @online": {
            "firstseen": 1718259301.6693118,
            "lastseen": 1719827101.100975
        },
        "Write a newsletter for subscribers @online": {
            "firstseen": 1718259301.6693149,
            "lastseen": 1719815401.8411796
        },
        "Run the CM2 process for known headteachers  @online": {
            "firstseen": 1718342735.8838713,
            "lastseen": 1719826201.5628154
        },
        "Igor should ignore contexts (like this one @online)": {
            "firstseen": 1718345356.1719706,
            "lastseen": 1719827101.1009777
        },
        "Review oldest policies @online @hotel": {
            "firstseen": 1719237750.9706326,
            "lastseen": 1719823801.1085913
        },
        "Do the Turing Paperwork": {
            "firstseen": 1719295201.3292654,
            "lastseen": 1719784201.911571
        },
        "Practice presentation for Wednesday": {
            "firstseen": 1719295201.3292696,
            "lastseen": 1719784201.911575
        },
        "Reformat smaller external drive @offline (but want the commands)": {
            "firstseen": 1719295201.3292773,
            "lastseen": 1719784201.9115827
        },
        "Send the next set of OVF emails  @online": {
            "firstseen": 1719295201.3292894,
            "lastseen": 1719827101.1009822
        },
        "Start next accounts project @online": {
            "firstseen": 1719295201.329294,
            "lastseen": 1719823801.1085947
        },
        "Rsync for dropbox and then cancel it.": {
            "firstseen": 1719297601.7542236,
            "lastseen": 1719784201.9115787
        },
        "Do the Turing Paperwork  @online": {
            "firstseen": 1719812643.1524873,
            "lastseen": 1719823501.718424
        },
        "Rsync for dropbox and then cancel it. @offline": {
            "firstseen": 1719812643.152491,
            "lastseen": 1719825301.1498256
        },
        "Build the office chair  @offline": {
            "firstseen": 1719812643.1524982,
            "lastseen": 1719827101.1009846
        },
        "Review and Send the newsletter to subscribers": {
            "firstseen": 1719816001.9432595,
            "lastseen": 1719823801.108573
        },
        "Transfer the Turing money from PayPal @online": {
            "firstseen": 1719823801.1085649,
            "lastseen": 1719827101.100967
        },
        "Process Mum's expenses @online": {
            "firstseen": 1719823801.108569,
            "lastseen": 1719823801.1085691
        },
        "Watch a guide to OpenAI": {
            "firstseen": 1719823801.108598,
            "lastseen": 1719823801.1085982
        },
        "Thoroughly test Claude": {
            "firstseen": 1719823801.1086013,
            "lastseen": 1719827101.1009963
        },
        "Put mum's expenses in Quickbooks": {
            "firstseen": 1719824033.3959022,
            "lastseen": 1719827101.1009643
        },
        "Review and send the newsletter to subscribers": {
            "firstseen": 1719824033.395905,
            "lastseen": 1719827101.1009722
        },
        "Review oldest policies @drive": {
            "firstseen": 1719824033.395917,
            "lastseen": 1719826201.5628455
        },
        "Put some openAi videos onto youtube's to watch list": {
            "firstseen": 1719824033.3959196,
            "lastseen": 1719827101.1009943
        },
        "Cancel Dropbox @online": {
            "firstseen": 1719825601.4048476,
            "lastseen": 1719827101.1009867
        },
        "Put bigdisk on smallexternal, then wipe @offline": {
            "firstseen": 1719825601.4048514,
            "lastseen": 1719827101.100992
        },
        "JR to provide the costs for each WWW camp and the number of hours that go into them": {
            "firstseen": 1719826201.5596626,
            "lastseen": 1719827101.1009698
        },
        "Find out if there are minutes from the last meeting - there isn't any in the folder": {
            "firstseen": 1719826201.559695,
            "lastseen": 1719827101.1009893
        },
        "Open up the Known headteachers chainmail file and make a list of things that need to be updated.": {
            "firstseen": 1719826801.896408,
            "lastseen": 1719827101.1009614
        },
        "Review some more policies": {
            "firstseen": 1719826801.8964353,
            "lastseen": 1719827101.10098
        }
    },
    "projects": "",
    "lastupdate": false
}