{
    "tasks": {
        "Spendminutes or so considering the fruits of long term goals": {
            "firstseen": 1721220002.0020766,
            "lastseen": 1727952057.0413477
        },
        "(A Trustees by 15th October) Improve strategy document": {
            "firstseen": 1727952057.0412712,
            "lastseen": 1727952057.0412714
        },
        "(B Trustees, Kat )Export Natwest Expenses since 21st May into Littlefinger and process them completely": {
            "firstseen": 1727952057.0412776,
            "lastseen": 1727952057.041278
        },
        "Redo the unity form correcting the email address issue and also changing Andy's (and francesca's) access": {
            "firstseen": 1727952057.041284,
            "lastseen": 1727952057.0412843
        },
        "Get quotes from three comic printers": {
            "firstseen": 1727952057.0412881,
            "lastseen": 1727952057.0412881
        },
        "Find a sample text arts and mems and paste it into a google doc": {
            "firstseen": 1727952057.0412931,
            "lastseen": 1727952057.0412936
        },
        "Check to see if you have processed barking expenses (on laptop) (NA get date of trip)": {
            "firstseen": 1727952057.041299,
            "lastseen": 1727952057.0413022
        },
        "Expense all subscriptions and server costs for the 31st August (part of littlefinger)": {
            "firstseen": 1727952057.041308,
            "lastseen": 1727952057.0413082
        },
        "Look through the delores code and todo list and see what you fancy doing": {
            "firstseen": 1727952057.041313,
            "lastseen": 1727952057.0413132
        },
        "Look around OVF and see what you want to do for a sprint": {
            "firstseen": 1727952057.0413177,
            "lastseen": 1727952057.041318
        },
        "send RR a thank you gift.": {
            "firstseen": 1727952057.0413213,
            "lastseen": 1727952057.0413215
        },
        "---": {
            "firstseen": 1727952057.0413237,
            "lastseen": 1727952057.0413237
        },
        "set up trustees@ email": {
            "firstseen": 1727952057.0413268,
            "lastseen": 1727952057.041327
        },
        "Run mgit status on the git directory and process all alerts": {
            "firstseen": 1727952057.041332,
            "lastseen": 1727952057.0413382
        },
        "Open list of projects to be funded": {
            "firstseen": 1727952057.0413423,
            "lastseen": 1727952057.0413425
        }
    },
    "projects": "",
    "lastupdate": false
}