{
    "tasks": {
        "Send the next set of OVF emails": {
            "firstseen": 1719828001.6817322,
            "lastseen": 1725087601.8453376
        },
        "Text Nova's friend's mum about schools": {
            "firstseen": 1719945601.4704242,
            "lastseen": 1725087601.8453188
        },
        "Post to WWW facebook page": {
            "firstseen": 1719999601.7703073,
            "lastseen": 1725087601.8453064
        },
        "Update cash flow and send it to Andy": {
            "firstseen": 1720010701.830357,
            "lastseen": 1725087601.845286
        },
        "Process the Barking expenses (on laptop)": {
            "firstseen": 1720503462.4784646,
            "lastseen": 1725087601.8453128
        },
        "Review four more policies": {
            "firstseen": 1720503462.4784863,
            "lastseen": 1725087601.8453243
        },
        "Map out a goal-linkage project - you haven't mapped a project in ages": {
            "firstseen": 1720798201.1733649,
            "lastseen": 1725087601.8452935
        },
        "Start writing strategy document": {
            "firstseen": 1721197801.7817738,
            "lastseen": 1725087601.8452673
        },
        "Search for funding for eQuality Time Projects": {
            "firstseen": 1721220002.0020688,
            "lastseen": 1725087601.845331
        },
        "Spendminutes or so considering the fruits of long term goals": {
            "firstseen": 1721220002.0020766,
            "lastseen": 1725087601.845346
        },
        "fix and Put FLowers For Turing Report in Social media": {
            "firstseen": 1722861206.4974277,
            "lastseen": 1725087601.8453
        },
        "put all all expenses from littlefinger into quickbooks": {
            "firstseen": 1722872401.3759596,
            "lastseen": 1725087601.8452744
        },
        "Reconcile To see if stuff has been paid": {
            "firstseen": 1722872401.3759658,
            "lastseen": 1725087601.8452618
        },
        "Add all the tasks about backing up to igor": {
            "firstseen": 1722872401.3759778,
            "lastseen": 1725087601.8452804
        },
        "Write wiki talk": {
            "firstseen": 1725036094.2635918,
            "lastseen": 1725087601.8452442
        },
        "Publish Last week's book": {
            "firstseen": 1725036094.263596,
            "lastseen": 1725087601.8452556
        },
        "Do the journal entry for OVF funds.": {
            "firstseen": 1725083080.9390955,
            "lastseen": 1725087601.8452506
        }
    },
    "projects": "",
    "lastupdate": false
}