{
    "tasks": {
        "Write two questions for exam": {
            "firstseen": 1732300801.7993853,
            "lastseen": 1736151001.2471745
        },
        "Claim expenses": {
            "firstseen": 1732792801.4315155,
            "lastseen": 1736151001.2471786
        },
        "One of the teaching prize things has to be how you improved the 3rd year projects, which means:": {
            "firstseen": 1733850601.1576378,
            "lastseen": 1736151001.2471843
        },
        "* Making a list": {
            "firstseen": 1733850601.1576426,
            "lastseen": 1736151001.2471874
        },
        "* Getting proper detailed feedback from last year's cohort (and for this year)": {
            "firstseen": 1733850601.15765,
            "lastseen": 1736151001.2471924
        },
        "* Checking in with Yiannis": {
            "firstseen": 1733850601.1576655,
            "lastseen": 1736151001.2471955
        },
        "* Seeing if Peter has had any contact with Ahmed": {
            "firstseen": 1733850601.1576715,
            "lastseen": 1736151001.2471995
        },
        "* Booking the damn thing.": {
            "firstseen": 1733850601.1576762,
            "lastseen": 1736151001.2472026
        },
        "* Setting up weekly meetings with my Project students.": {
            "firstseen": 1733850601.1576822,
            "lastseen": 1736151001.2472064
        },
        "Setup the Q&A for Friday": {
            "firstseen": 1733850601.157687,
            "lastseen": 1736151001.2472098
        },
        "Publish the Essays for this year's Cohort.": {
            "firstseen": 1733850601.157693,
            "lastseen": 1736151001.2472136
        },
        "Write up Coursework changes again - given that causes and improvements are effecitvely the same thing, combine them": {
            "firstseen": 1733902201.353577,
            "lastseen": 1736151001.2472198
        },
        "Work out the CASPER extension to mail merge": {
            "firstseen": 1733911201.9207416,
            "lastseen": 1736151001.2472358
        },
        "* What do I need?": {
            "firstseen": 1733911201.9207466,
            "lastseen": 1736151001.2472386
        },
        "* CSV output that the students uploaded.": {
            "firstseen": 1733911201.920752,
            "lastseen": 1736151001.2472422
        },
        "* The actual figures": {
            "firstseen": 1733911201.9207568,
            "lastseen": 1736151001.2472453
        },
        "* A list of expected students and their email addresses.": {
            "firstseen": 1733911201.9207628,
            "lastseen": 1736151001.2472494
        },
        "* A plan for if they ignore (oh - we take a literal register)": {
            "firstseen": 1733911201.9207692,
            "lastseen": 1736151001.2472537
        },
        "Guess lectuers should be given some accessibility notes": {
            "firstseen": 1733912401.6211946,
            "lastseen": 1736151001.247224
        },
        "Ask MB if they wants to be given a linked post": {
            "firstseen": 1733913001.5588791,
            "lastseen": 1736151001.2472281
        },
        "Create a github repo for bettercampusconnect.": {
            "firstseen": 1733917201.0822725,
            "lastseen": 1736151001.247232
        }
    },
    "projects": "",
    "lastupdate": false
}